<?xml version="1.0" encoding="UTF-8"?>
<configurationDescriptor version="100">
  <logicalFolder name="root" displayName="root" projectFiles="true" kind="ROOT">
    <logicalFolder name="TestFiles"
                   displayName="Test Files"
                   projectFiles="false"
                   kind="TEST_LOGICAL_FOLDER">
      <logicalFolder name="f1"
                     displayName="New Test 1"
                     projectFiles="true"
                     kind="TEST">
        <itemPath>tests/testRecorder.c</itemPath>
      </logicalFolder>
    </logicalFolder>
    <logicalFolder name="ExternalFiles"
                   displayName="Important Files"
                   projectFiles="false"
                   kind="IMPORTANT_FILES_FOLDER">
      <itemPath>Makefile</itemPath>
    </logicalFolder>
    <itemPath>README.txt</itemPath>
    <itemPath>RingBuf</itemPath>
    <itemPath>common</itemPath>
    <itemPath>dt78xx</itemPath>
    <itemPath>libaiff</itemPath>
    <itemPath>main.c</itemPath>
    <itemPath>recorder_helpers.c</itemPath>
    <itemPath>recorder_helpers.h</itemPath>
    <itemPath>sunriset</itemPath>
  </logicalFolder>
  <sourceFolderFilter>^(nbproject)$</sourceFolderFilter>
  <sourceRootList>
    <Elem>/opt/ti-sdk-am335x-evm-07.00.00.00/example-applications/dt78xx-examples/recorder</Elem>
    <Elem>.</Elem>
  </sourceRootList>
  <projectmakefile>Makefile</projectmakefile>
  <confs>
    <conf name="Debug" type="1">
      <toolsSet>
        <compilerSet>default</compilerSet>
        <dependencyChecking>true</dependencyChecking>
        <rebuildPropChanged>true</rebuildPropChanged>
      </toolsSet>
      <compileType>
        <cTool>
          <standard>10</standard>
          <incDir>
            <pElem>/opt/ti-sdk-am335x-evm-07.00.00.00/board-support/linux-3.12.10-ti2013.12.01/include/linux</pElem>
            <pElem>/opt/ti-sdk-am335x-evm-07.00.00.00/board-support/linux-3.12.10-ti2013.12.01/include</pElem>
            <pElem>/opt/ti-sdk-am335x-evm-07.00.00.00/board-support/extra-drivers/dt78xx</pElem>
            <pElem>/opt/ti-sdk-am335x-evm-07.00.00.00/example-applications/dt78xx-examples/common</pElem>
          </incDir>
          <preprocessorList>
            <Elem>DT7816</Elem>
          </preprocessorList>
        </cTool>
        <ccTool>
          <standard>8</standard>
        </ccTool>
      </compileType>
      <item path="README.txt" ex="false" tool="3" flavor2="0">
      </item>
      <item path="RingBuf" ex="false" tool="3" flavor2="0">
      </item>
      <item path="common" ex="false" tool="3" flavor2="0">
      </item>
      <item path="dt78xx" ex="false" tool="3" flavor2="0">
      </item>
      <folder path="TestFiles/f1">
        <cTool>
          <incDir>
            <pElem>.</pElem>
          </incDir>
        </cTool>
        <ccTool>
          <incDir>
            <pElem>.</pElem>
          </incDir>
        </ccTool>
        <linkerTool>
          <output>${TESTDIR}/TestFiles/f1</output>
        </linkerTool>
      </folder>
      <item path="libaiff" ex="false" tool="3" flavor2="0">
      </item>
      <item path="main.c" ex="false" tool="0" flavor2="0">
      </item>
      <item path="recorder_helpers.c" ex="false" tool="0" flavor2="0">
      </item>
      <item path="recorder_helpers.h" ex="false" tool="3" flavor2="0">
      </item>
      <item path="sunriset" ex="false" tool="3" flavor2="0">
      </item>
      <item path="tests/testRecorder.c" ex="false" tool="0" flavor2="0">
      </item>
    </conf>
    <conf name="Release" type="1">
      <toolsSet>
        <compilerSet>default</compilerSet>
        <dependencyChecking>true</dependencyChecking>
        <rebuildPropChanged>false</rebuildPropChanged>
      </toolsSet>
      <compileType>
        <cTool>
          <developmentMode>5</developmentMode>
        </cTool>
        <ccTool>
          <developmentMode>5</developmentMode>
        </ccTool>
        <fortranCompilerTool>
          <developmentMode>5</developmentMode>
        </fortranCompilerTool>
        <asmTool>
          <developmentMode>5</developmentMode>
        </asmTool>
      </compileType>
      <item path="README.txt" ex="false" tool="3" flavor2="0">
      </item>
      <item path="RingBuf" ex="false" tool="3" flavor2="0">
      </item>
      <item path="common" ex="false" tool="3" flavor2="0">
      </item>
      <item path="dt78xx" ex="false" tool="3" flavor2="0">
      </item>
      <folder path="TestFiles/f1">
        <cTool>
          <incDir>
            <pElem>.</pElem>
          </incDir>
        </cTool>
        <ccTool>
          <incDir>
            <pElem>.</pElem>
          </incDir>
        </ccTool>
        <linkerTool>
          <output>${TESTDIR}/TestFiles/f1</output>
        </linkerTool>
      </folder>
      <item path="libaiff" ex="false" tool="3" flavor2="0">
      </item>
      <item path="main.c" ex="false" tool="0" flavor2="0">
      </item>
      <item path="recorder_helpers.c" ex="false" tool="0" flavor2="0">
      </item>
      <item path="recorder_helpers.h" ex="false" tool="3" flavor2="0">
      </item>
      <item path="sunriset" ex="false" tool="3" flavor2="0">
      </item>
      <item path="tests/testRecorder.c" ex="false" tool="0" flavor2="0">
      </item>
    </conf>
  </confs>
</configurationDescriptor>
